cluster;nodes
Cluster 6;[UCVi0QV_LhN5JUN2l1ws_O-g, UCIsBE5gcpNtciCQzI8tY6UA]
Cluster 7;[UCisHMpa8FFIPLhcN0RKtJHw, UCeXaFztFRN8WzEwO3RQ9miA]
Cluster 8;[UCvfpCvJxFkodGnM01_Q6zTA, UC_AK59IS8_tGa-FbzSFnM_Q, UC5pOBpE8zEcPYWknJprQ5oA]
Cluster 9;[UCN8NAFrJENowmi2f79gvCjA, UC2OlQRkGHgf2ls6MNEb0QPg, UC3CL1F6QE7J7JK8XKXizBpA, UCXMDBeiz7HDplAS9CLxCBgA, UCvV9g4CjIiXck_MddMVchJg, UC2Yt4-y6D8aZQyXsDu_1coQ, UCsROxuXpb_iB-tbKY60CBcg, UClwHmTM08Z_lK3DyhbgkRZA, UCLQD3xbzDPhBKf6hYLI9CYQ, UCe8TCQpdQGHOGJ7fHxRkjMg, UC7G238XFBRE3LrsPx_6GMag]
Cluster 10;[UCp3OIqyTdSabPO-pv99gkdQ, UCYQJfOC2wfpvxxuSl8iPfiA, UC49fT_3SgcieLB6sRfi_vZA, UCjIBENpa4EVOgjbhdovOlbQ, UCRyxoKYQVVxtPHi-BdAQ71Q, UC0oLxL8yFsI6KyXdDgnJi4g, UCPiThCXTlcywJftUhXs4iGQ, UC6QxI2Kem_2XEYqRmBJbY1Q, UC0cAdvEJDv6JVSc89hH6Ovg, UCIRzGtTJeWKRwlsgLZ_JrBw, UC74V4reKKNRKYJZqK-EkRJw, UCEHoTvC_y0BPcdtfNIO3Czg, UCShX7CJnwp8N1bx0A6Fpd7w, UCkYML6O4GMlGF1cDbecm2Ng, UCsVU2tW-6dLrWjtgKfZF1Iw, UCbMAS2VLi8ld3unRhXUeKqA, UCCCQL8f1r5Uo-_F9dMl1DVQ, UC9OUnEyclA8kbiE8ZQu-Hqw, UCmdRostiazOWYUCCIVcyVSQ, UCz-dmHLGW_Yk66kYIW5PrOg, UCDGcIS3-lSLqnx9BRoLacbQ, UCceABRJLglg0tZ3qYn-LlKQ, UCCP1fDSl2dh43x3eFDQquaA, UCk5bGThYvsK3s_RfUuVh1Jg, UCYrGyIc1gc2AT_Ofqvo5clg, UCVZatrNIyOWRsHh_-oM-vjw, UC0rZkAUynskxxNDzAxCZrqQ, UC7V0ol0iOEug7UXirobvMRw, UCrP4aTUB7ZaqgQTs1ekiiIQ, UCSpxGLPfIZGesMMuiA7pwPQ, UCAYkTCOgT_10ITC-OvBlw4w, UCi9UFQHhBu_wNKsiEVWgZiA, UC6U7Ouw54HRovUbnRHkyvgA, UCUdEFxLyX0lewdjxuw9fATA, UCn9YblIhX8NeKlAXITL88zQ, UCVBVhHrjIyRUyei0Lnp_XkA, UCBw8CcGlpR6x8fTzVVDZ9ug, UCL40-qxpW3hrMyKD37QAh2A, UCukOEjzdu_wpuXhsZhPRQlw, UCcJtxa0chA_52ftk96sdVQw, UCrRVVAylRrVaJ5flv9K1kAw, UCmo9cjVGV9jXB-70PBI_ECQ, UCHCZ3ROwEMBjpxflgSQu3DA, UCyZL1VTwhEAtJpGeBrjDH5Q, UC3VispaK9G879OnYC8cGFFw, UCP_FVPrumTl6mWrjC9sQ4zw, UCLcDXzglgjIR9fcSp4uVOVg, UCKB9o3a2KglLFE76MRNxHkw, UCSWY305jpVLk1-HDCiVbPvQ, UCbT-e7H11pRfEcP2p4NSqRA, UC5Lr9BiYawD0VxmxMX0d7hQ, UCniitXYLvVFMf4azw6Oo9bQ, UCfR1o2bqXoxSpQ2frfiXHow, UCRokSp8CGOuQO4R0F1RxRGg, UCyiURNH1yuULguiD5YfaYRg, UCZoyJo9owURzOiZl7jWv-uQ, UCj_fcIyback0wTtbvZPrGlg, UCfj_4ywqSgI-retIdD4e6Lw, UCTzl80Zkt4YYmomRYVbbYxA, UCRY0Sb_1rp8e2pyYJLqA75w, UCKSvGN6r3UQnYFGd8Ej2ZTQ, UCpPIkmLiGQEO30pw9sea59w, UCvgjxu0LslAI1_D18j1AWQA, UCWm0vkUnOs55W_O_xKuYlDg, UCqWAW439K-UjvQ--5-gzcCw, UCOBeOErpgyoSxq-n6XgQUzg, UCPaCQRTikQSQYsuyZUD8YFQ, UCePuzSsUjlHaxq-3b-jWMnA, UC5rntdaak4m9d1mimEKsqQA, UCv4yMvWvpUhgxbq0NcHPOyA, UCjLVpw86vTmbS78YxrurLig, UCxdqkAq_LGdGdcuhtAVqPJg, UCQJIyQP22vnaQxQoabTquSQ, UCVAz-tLiWx8RHfWUVj3e3Gw, UCRh-jj6pVXDoqlRlaMvrxjA, UCZEKP5u03ISm0J5HkwVCQlw, UCUs14vYXXQntDXQhWc8Gonw, UCr1MPe-yExMOFsAdqPKKjBQ, UC8KQlge_QBrOvhMu7aycZMg, UCTL3n0dOS-3eYSt_2zdywrQ, UCmZSQ9LSi0UW4QQolvmmLpg, UCxnC_odVzHDVWZzU2U5JJtg, UCKxWk6fwsokN5cW2aRpw8mg, UCzRgOB71c0YGqJXToPs2a5w, UChBjZUKGPnchfNvGZHMGNGQ, UCBw6RoZWcp7l0clkwPjqRVg, UC5EzOHyKFrwF346UX2IGR0w, UCr9U1NjCDCFIqT9GsZlIigQ, UCdWrZmX_duukiLZJzvXXmzA, UCgGkB9OY67qJFy7W0zu5zTw, UCW8bOG4x0w1YQXYMrXUjwtw, UCmLTXTbGdpWJx9q9KO5i0Lw, UCrSqhTjIF0c_aDxuPCw-VEQ, UCMR4DJWXfK4gj4eLhAd0rIA, UCwiJilUOSxesMgxtHDKrrZA, UCLxJpYUP7EIpsRNENL9T8dg, UCH9ie1cIiThczFGDaQKQE3g, UC-W4zGabFVaosnsgGRgUDIQ, UCSkOH-tgfNqiEeqoZ6pDDjQ, UC-VYUeoobxs-aNWsl73RYiA, UCUONMzBwQEADGX-6ErIAcFw, UC75EIOjGtnudwumJo-T86hg, UCtGp8PJNpT7jHRv9g0Mt8Cg, UC3zQ3KzlvHNGvwbuIFMoAUQ, UCbzYTEm_Mh_4BqtNXBfXyBA, UCe0aZ0RGhkosOE07lmKl-jg, UC5uSN6EEr9kW_slvURwLTEg, UC8AMxQskX32waaryE7w7XZg, UCiqpV-IJvpJxxJY157s5qHQ, UCPnAa9fKq23UHAAyovVebjA, UC4wprcqOjvf5Z7NQotrz6Bg, UClCOI1tZ82KrrqNWZod2VzA, UCOtfTYVt8K180RsamI1CBWw, UC2X3J2EisAPnPDiYsfJ7SdA, UCJK5P9mvCBhQkIG56JRb-Yg, UC-rBlrvSxa33uO3GmTgcuwg, UC872dKvBJ89kNiCt1TF2pHg, UC8z9FHbPlksjiU4ELhxaYfw, UCexMPJRQhABa91t4hPdbIwg, UCTgRuhos-_kKNKa7By__3GQ, UCXM5XLiV32aEi6rZFrDAmCA, UCbG5xZmR9nOFFKSdXDWG3Fg, UCHq9_kx_bXZAsvH25TpkC8g, UC7ijArmXRolB870grNDM9ZQ, UC6K6HOtTikalpKOvKhh4u8Q, UCLdiLTlhB3Y9B78y1UIXTUQ, UCMaw9CKMOGYgNEO-bcxPooQ, UCg6L2JK56643PTD7Rbe9grA, UCqOpk1kJJQoZ48uOSfnPkZQ, UCXmIFQnSQ7tfK2RCURrcHvA, UCp2fqff-Buj5Dhlj-m37KXw, UCteCQbbIOTZEn6lhbbLgUgg, UCGDufE-_mi-oluzFA_LHdkw, UCKI3W8EGEVWmEaX6NRShUxg, UCM_1inigHo9T898KLJVhAVQ, UCahjWs9Mw13tJzqxyOZZbug, UCMGYszztodQHjF9YURBAeIw, UCZPVv40zrumW-pluoRkLsIg, UC4jQFSjNgvazZmdFN5a2mPA, UCsHHUt4tIYqy8rPb_KGbGDw, UCXT2FC3BWeTONumkTLE2RAQ, UCNG4EvVUSMfpmqOm6Pn41xA, UCsf7WdlOI48IamQWwDSqUBA, UCGZcUSVACluFVPJjPUCr75Q, UCOm_XozvIDv3TmIJEBJfvCw, UCsfMkhjdLHnSZ-F3Kk3b3QQ, UCb2wrkYi4CRb5gQmiYGAFcg, UCIyh_38y-D_YUpAR6BPKwGg, UCOqQ-devD1Ww7D5rPs8osnw, UCOQwNJs2EZIOfkUnU1kkQxQ, UCwYG3EPsfnxZrYrOzvr31gw, UCEGpgWVCMlmHnM6wVWuhmDQ, UCEKma3GLUXrdN-efy45ckug, UCSD4d5Ub_DQ2coocU1sWeYA, UCZeKFHGJTOX6cIVTC3nwlUg, UCMcC82zoOryAAk5vLLqZqGA, UCX5KFHltiqOizJCIb7WNSKA, UC7AtSmUV66WnbGR-aNrI_IA, UClnEZz4X-Znt8Vf4FIXfQvw, UCwd2Q4Np4UsI9Fzkx7KPqpw, UCs2KDTfec3AXOg3n9RH-TaQ, UC5b3fTqELGV4qBZbtKhQGQg, UCsqhCW_KWmOlvmC2ATRZE1w, UCy6WfTnwViDJqYKsJCxNFaQ, UCB0oa86QVWxMc-0uhgOqvqA, UC5D9nCrkPY2N_O5WlTw3-jQ, UCk-Y8L8qAS8IohGeDriX2lw, UCUAvG2HfvUU7l68m44aqjOQ, UCiDHOwb2cQSegaqrup-18Dw, UC5wCyhcYZavUlR45rVLi6qQ, UCj3kV2Y0I3EdbuWl5MiYOqw, UCCCV8Qqb54POET_b4vXa-Mg, UCNbEJ93xJc1_Kec7Tr4DilQ, UC3-oBLK3zXh8GLRi612C6YQ, UCT0oEHfWsStjPtUJLsfAIrQ, UCKBSvO3NfUcoCbhyWTjv36g, UCp4fqdq4basI0qSrXiiKvqw, UCGjYHeEFBiaYLjrKcU4Md_w, UCHXy97-3h8fCQ-_CyEOj2Vw, UCsCuFqH28ExzhIq2j6ZhNbQ, UCF5YlT0ZG0JPIw5lUzncsNw, UCkBPc6eYc3zypmVZee7S6tg, UCSVLm7dHGmTcS-CjGX3Xbqg, UCDcdKcteTjzHt0KFiJWy0Aw, UCYdtZtBnhKF2n1P485vSWIw, UCMBcP3fPnhMXTS7TYS-u4jA, UCxPha18lrBVISKcamVGgwxw, UClmj_e43lttDwaLe___lVkg, UC7-0LWOIgKl8uF_Kbi9KUlA, UCtLcibZ_-wZkVBObCsdHpmA, UCna3b9s_y-8x4KSBKphYnIQ, UCw7z82jC8httwxI8jsBrfIA, UCSqZHONWtjWAAgk3ulI3yRQ, UCS5idyJNmK3h7xX2LykIUZQ, UC_X8JDk7onCXAqwK_O6Q2DA, UCO7FHRl5mLucoKibri9-5hw, UChSuwm2TJMQZbUrdYn-JY6g, UCXPhFf5eO6l-OO33WXlSTZg, UCh1gryqMEQBziFpzYAfohdg, UC7LtTdwPz9yf7Pshjlm2mhw, UCJ52paTNi9sgfEw8N_cowBA, UCM7EreHuRCg5-0CM5nJo9UQ, UCq1whlNnqoblec7rndh5lpw, UC5fOq9FjpRE2I0hG8GFY3Fw, UCJcwNWeZ5fheJEnihj5wVIA, UCy9E6gH6eLW8c6HMH2i4Bhw, UCmKvNitFfaeA8CXxfgHe-5Q, UC5NNAcFFBtMvgkd_yN-8YSA, UCJpamF1NziGTJ8RIQzEug0Q, UCdlKKsK3gnJhvWUQpoj0Kig, UC3sLBoHakD4YRCy2C-_OYmQ, UCV1knQ0WnixIf61R79daZww, UCzl81JwfP6ygdY5E3m_BeFg, UChzTMOcWvgvGJPFwq1thuiw, UCLlBbOiAVdhIIFEuiRNVDdw, UCAtlZ9G5jVDy9ejalfK0QLQ, UCz_lGGIdcYZnK5axnPmaSmQ, UCKAT4LgTl0xXJ-pHzu2mOkw, UCL8z4Q2Db00taXGYACZAnGw, UCmrIeD9oiC16zy_FLn6iUNg, UCpMd9x3K8Aq945KkHvU49Wg, UCLKugJT9fAmdElRHQW7Sadg, UCnjai-TQHDuAhln8ol-qB8w, UCW09qEUwyJTcWGpdqA36AOQ, UCjwJXU7u6aPRKADUWzr3g4Q, UCz-satSFLawXhT6EHTYO48Q, UC43jLhRgtN1I5PyhQjmtkWQ, UClu_JQWCKnmIeNOTDd1RVMA, UCUE1JFzfY6RDK5OsxdY9jhQ, UC5g-0HkiLSrSr5PXSoQj21g, UCq_Ng3ajHx9L3Tjk25jc2tQ, UCLNuhc6Mp_J0G4qHzpPGUgg, UCqv45xWK27qKaN6YiGMBlOw, UC1ToNRkQfCGakCbo2jkka2A, UCTc2t0qPLXRlsEOmCD-f0pA, UC57xgWXuCHWuwO5-QBC-3jw, UC1Hz5Q_av47jlY8oIW89Qzg, UCeBsaf1RflDYJmKeJuGeCIw, UCckEcZx3c05eujCTbSDP2Ow, UCR3D6YQ5EfMMkIl7Xys475g, UC8nw6P3PUNMwRagroBXv0mA, UC1_d5VapyDUBRtNaMe_4C_Q, UChR9THrHgJJognQcPRjcrUQ, UCvNNTEOHGsC7XP99wR0IzCg, UCffr0tKZPrSIttAV4YZpVvA, UCkDdwLCyZZjnjqPXoGid60Q, UC-pFPfIjRnN-2qIzD1AH_Sw, UCPcSRaw37Npp1GoFTNaT4rw, UCDh0aeqcBI_xKK8_q2U1B5Q, UCJxCEMoMOQJCSfjU9R3mDOg, UCTrEv0Dgmqek71hdR3bOerg, UCTq2aZHs3qy36PRjWg6RYTg, UC20EHAoFnHEiY62btQboIyA, UCrcUWfrXHrB2JRfUaFu5RBA, UCZJtIfnSrGWdvE7cqatWNeg, UCwAVziT0Y82yxewjRp-lF1g, UC2aSu7cxkw2-icfSrG0p1jg, UCLRxDisl22a1wA59CRs5hQw, UCq9gJ5aum4FcwlWew26LK4g, UCQ9Z-qoFC2iC1AxMDD7w0Mg, UCexH4BtoFqicBDNISDdnVSg, UC64Wm-LZXSPOFNRMZbqA3mw, UCl83nFbLb5ImCnM6zSWGM4w, UCNXrBiE3PwNzvBauHkY4E-A, UCUEa0cv9cMlhNb4LE5Vkb6Q, UCAZiJ7x_hVw7KtGfMqQfPdw, UCcKeohP6TX_DhXPSiHHIMPg, UCnq8tFUBFEGAL1pVRHThsMw, UCLFdoMFzy2stwZh5l2zWElw, UCfOXtlVHHVEsMxhywXF9lWg, UC-iDLpp0raqo-BiqupeorQg, UCek1V8qxVelSAuLTKqXaBNw, UCt-_JBjE-S0nunJ7OPt1hZA, UCXaEosyRYNkUuo3WUnky49g, UCpzcZrA25rFiCv_JUBzj20w, UC-zlswFsbWQC01xoiygpeHg, UCTVIOcCP6tbARZu6Abh-TRA, UCyH7wUHhN019Cv96N5NA1aA, UCz3As1PrE3uf4DF3EmjTYag, UCBfONx42gwUYCQFVmAaqNSw, UCZ0oaYlxmk7wy9XWt_MXOjQ, UCnRQKr8qf5PdS8U5SkbwpbA, UCEXjUwgf5eQbv_3R4JCx-sQ, UC2Dc9aDecDNq1wHNWH66ymQ, UC2v-VRCItgc9wvZJdx_H9lQ, UCgZNBZNaKKlQdIrx5eBM9DQ, UCvqyH1HZBCGGsAQypOy4w2g, UCn2nY2PrZ83aRvX4cYDMrYQ, UCbWQFQ4czlM5YCPVcCW2gdQ, UCM-dd9_hHgpAEBgwzRSYN8A, UCEEPSko8O4GNINB7aTAt33w, UCBbqz0yu4HXE3SzChZOdDPQ, UCfRxab1o4ZQhUQ_lh_6rrfQ, UClsIqIedI26vvLVq6MRIboQ, UCSETcBqdDps7b486Al7-9WQ, UC4OxSDGDYofc31DcZkTWvLQ, UCN9nctbzbrjCr40HtXZC9Nw, UCLBvn6eIxd7OCxGGOC86VzQ, UCNJoC7ssdMrDJadZmbGbHBw, UCDsO7DyV4BdOL4K3k0Iis2w, UC58SoUHveRFfQ5w5sKgPJYg, UCV0xznhUdG4GBCf3d2CrfAA, UCv2W57EpFQQF1VVP4rTVR8A, UCuaWc9jrN96nmP82bi5Itdg, UCYkxPOP_djBFEnVCCK-L5RA, UCLkjE4hQmoiSNF7X9ZNRb4w, UCLSNy1I3LmslD51wQ2E9JXQ, UCcO3mVfq38vq8gCR1AO1s6g, UCOFBDs1O78CRvRR9WifPE8A, UCjsoz38Ln2nSb4fkF6cwoEg, UC7egdbeQMaBSl9ukWJr4Jzw]
Cluster 1;[UC0hJq1BWkwrhhVVochDWg9w, UC_jq_-5lQY_M8dma1zHgjlw]
Cluster 2;[UCVhicjlqmo-dZ3iK7i3tFyQ, UCxR-0GjVqWzk4tZw4EzSa8w]
Cluster 3;[UC7zVsE8WEtJashW3TeKlEMQ, UC-A84Myl4XJK8rE8GOQf8_Q]
Cluster 4;[UCmLTIBy1lO5EOwCrzsuTy2Q, UC4F4PXylUkskEeQHinG-5BA]
Cluster 5;[UCZv3ko275LO1KoV5STpelCg, UC18mzX2dIWq9TFfM9OPE0iQ]
