node_id;cores
UCXo57OMOEb0mzd-29a39Hiw;[0]
UCpu2P5LsHNWQsdjCbhwDmTA;[0]
UCBw8CcGlpR6x8fTzVVDZ9ug;[0]
UCed_qG42Pd2Xnd3RPECku8A;[0]
UCTl2MKwbPdRlTB5-uunHj2Q;[0]
UCEfwbU6ir7364_giJIDyIkA;[0]
UCcWqh3T9FF_m1aaWrLb3Jxw;[0]
UCpg7i9dUkdb3DeavnWtxT3w;[0]
UCZsqpTC66Cp6u8XeSv5XmGA;[]
UC7AtSmUV66WnbGR-aNrI_IA;[0]
UCkdVapD3yY7v7SqdfLNrOxg;[0]
UC615CBbt8FxhyCyTty7lOpQ;[0]
UCzo-mLLeCP4quPuuV3w3Z5Q;[0]
UC60whFiSy6QfPsfn3hmpdVA;[]
UCD9a_Rk-ZB6Pbsjzu1nubBQ;[0]
UClFvel3fDwAdiD_khZuMeug;[0]
UCzLDaVEDqIXq2eu1gm1USQQ;[0]
UCQppWntjUjQA-Ra5yhMqi0w;[0]
UCjruPqTB4AHkGTQ769i5Dmg;[0]
UCCYZFwW2hTSwD_FTF3Cf5VQ;[0]
UC7XhWeyM4QWjwS1U9IkBzZA;[0]
UCG53jTCHR7YPOnQW1F-AZJw;[0]
UCwUsR0Szzhz603Yn8R6EiHw;[0]
UCVtC30gazSNy4UUbYKoVYvQ;[0]
UCaYIF4haAEM6KxgSfIyuPIg;[0]
UCwhZQXcULXiiETq-QG2r5uA;[0]
UCVttg74WhURH-8XBENo2nuw;[0]
UCgh4IIfuNJEQh4QZXZdKscw;[0]
UCB52pGOr0WQs4Vyv0jFykGw;[0]
UCNjHSobT1yAToohrS5hFfsQ;[0]
UCmkVsAZhYQoDpAAmU-ztqmQ;[0]
UCKI3W8EGEVWmEaX6NRShUxg;[0]
UCAqUDudBUSD41RH-sSHTp0w;[]
UCLKugJT9fAmdElRHQW7Sadg;[0]
