nodeId;cliques
UCr-EbkzPFYCE9ZiNcztmqww;[Clique 1]
UC2aSu7cxkw2-icfSrG0p1jg;[Clique 10, Clique 11, Clique 12, Clique 13, Clique 14, Clique 15, Clique 16, Clique 17, Clique 18, Clique 19, Clique 2, Clique 20, Clique 21, Clique 22, Clique 23, Clique 24, Clique 25, Clique 26, Clique 27, Clique 28, Clique 29, Clique 3, Clique 30, Clique 31, Clique 32, Clique 33, Clique 34, Clique 35, Clique 36, Clique 37, Clique 38, Clique 39, Clique 4, Clique 40, Clique 41, Clique 42, Clique 43, Clique 44, Clique 45, Clique 46, Clique 47, Clique 48, Clique 49, Clique 5, Clique 50, Clique 51, Clique 52, Clique 53, Clique 54, Clique 55, Clique 56, Clique 57, Clique 58, Clique 59, Clique 6, Clique 60, Clique 61, Clique 7, Clique 8, Clique 9]
UC_AK59IS8_tGa-FbzSFnM_Q;[Clique 62, Clique 63, Clique 64, Clique 65]
UClsIqIedI26vvLVq6MRIboQ;[Clique 66, Clique 67, Clique 68]
UC1_d5VapyDUBRtNaMe_4C_Q;[Clique 100, Clique 101, Clique 102, Clique 103, Clique 104, Clique 105, Clique 106, Clique 107, Clique 108, Clique 109, Clique 110, Clique 66, Clique 69, Clique 70, Clique 71, Clique 72, Clique 73, Clique 74, Clique 75, Clique 76, Clique 77, Clique 78, Clique 79, Clique 80, Clique 81, Clique 82, Clique 83, Clique 84, Clique 85, Clique 86, Clique 87, Clique 88, Clique 89, Clique 90, Clique 91, Clique 92, Clique 93, Clique 94, Clique 95, Clique 96, Clique 97, Clique 98, Clique 99]
UCF0W2iDbr9zfyICsm54WVhA;[Clique 111, Clique 112, Clique 113, Clique 114, Clique 115, Clique 116, Clique 117, Clique 118, Clique 62]
UCRh-jj6pVXDoqlRlaMvrxjA;[Clique 119, Clique 120, Clique 121, Clique 122, Clique 123, Clique 124, Clique 125, Clique 126, Clique 127, Clique 128, Clique 129, Clique 130, Clique 131, Clique 132, Clique 133, Clique 134, Clique 135, Clique 136, Clique 137, Clique 138, Clique 139, Clique 140, Clique 2, Clique 3, Clique 66, Clique 69, Clique 70, Clique 71, Clique 72, Clique 73, Clique 74, Clique 75]
UCN8NAFrJENowmi2f79gvCjA;[Clique 141, Clique 142, Clique 143]
UCfk5TWkravewW63lM23bvmQ;[Clique 144, Clique 145, Clique 146, Clique 147, Clique 76]
UCOhZU8ysAfmvkqL39NumpiQ;[Clique 830]
UC3zQ3KzlvHNGvwbuIFMoAUQ;[Clique 1, Clique 4, Clique 5, Clique 6]
UCpP_bqvlpTcy4VkKziAxyjQ;[Clique 831]
UCA06ZYznJ5Ro6WkYYXUJirA;[Clique 832]
UC74mpO1n-DGwtfHmtYNiJkQ;[Clique 833]
UCZzQGbCAq43D0ALTIF5f-yw;[Clique 834]
UC_X8JDk7onCXAqwK_O6Q2DA;[Clique 57]
UCyB4uRSkCZPjTA7MllSBkIg;[Clique 835]
UCELGHyLiuBxvB33oXwZ3SDQ;[Clique 836]
UCY_q9S5SOsIRZNUVrmHB1JQ;[Clique 837]
UC0scClBuzAJ1DjUT5U9aHtw;[Clique 838]
UC7btTY-IAqzxgOKPCueQ_bg;[Clique 839]
UCZbNTuqWGM0szhUbcxN3hTw;[Clique 840]
UCCP1fDSl2dh43x3eFDQquaA;[Clique 58]
UChrxoXHi44KsBc0_m9W0c9w;[Clique 841]
UCAZV4Frnsiq6Rn-gaEJKmog;[Clique 842]
UCT2MPlHXnXKDURTHvpIYxaQ;[Clique 843]
UCk4IuAVNjrXy0Qj8OmidnNg;[Clique 844]
UCCp2MDfDEA4Y8HxuuehmjJg;[Clique 845]
UCqGQ5cwJ_JeBbFlIX3GrfbQ;[Clique 846]
UCVnCR64_ES5Tv-5mH87o4sg;[Clique 847]
UCckKNfdi2O3Uml93-KLsJKw;[Clique 848]
UCpRmewzs3xm_gmO_b2QwWqA;[Clique 849]
UCWJAEYIE3nKtA5hkoViJhoQ;[Clique 850]
UCJXEE8DfoWX7l2g3_51cYaA;[Clique 851]
UCmeldad8NNwnVDQDgYCPPrQ;[Clique 852]
UCJw-Ml_cq4dn5k7YkmFGlyg;[Clique 853]
UCwd2Q4Np4UsI9Fzkx7KPqpw;[Clique 200]
UCM-4bIhR734H49OtCkrTv3w;[Clique 854]
UCNr9vwzAmKIZ7c9D1cn6P9w;[Clique 855]
UCuaD2dmjQjEIlxoFAdr03_A;[Clique 856]
UCR3D6YQ5EfMMkIl7Xys475g;[Clique 201]
UChaDPsJQK3QjaPf_cteBAEQ;[Clique 857]
UC20EHAoFnHEiY62btQboIyA;[Clique 202, Clique 59]
UCIzXU0sboCzKE34N56ixD7w;[Clique 858]
UCKGq_oIxDvdGCL8Z2s6yoyA;[Clique 859]
UCkFDLQuHJbBE-WWEsEYKI2w;[Clique 860]
UCnQuokf1kW49Qp8Hr3nZLTw;[Clique 861]
UCDfB8bKc5A-PtbVFMQh4cbg;[Clique 862]
UCTAnAIN1bwhKiIrrpWiv22Q;[Clique 863]
UC_HtZwIkkWgFjKdZfr9sHhQ;[Clique 864]
UCMBcP3fPnhMXTS7TYS-u4jA;[Clique 60]
UCbSfKUER6EvsL4DB9Y1S9_g;[Clique 865]
UCQxouXUxoisAsDkqWMkOKkw;[Clique 533]
UC0Cgl2maT6suaKq7ArR6roQ;[Clique 866]
UCH2GZOBtvp5WArOgm1Q997A;[Clique 687]
UCL0uv5OXwc0MgYzfJZftjbw;[Clique 867]
UCaDMOlJfMCay40ERtkHkZQQ;[Clique 688]
UC7kR8t2OlRRIbZCmZPoOInw;[Clique 868]
UCuxEvS90e9FCOur1ZE9u8_A;[Clique 153, Clique 639]
UCZ_c3JHTs-OwwhAdmL0izzQ;[Clique 869]
UCXFJHhPlC3Ib_Og8ndQVyYA;[Clique 689]
UCRzyeya3ddFtwNDhFeSDOnQ;[Clique 870]
UC5wCyhcYZavUlR45rVLi6qQ;[Clique 3]
UC8RP4VFTr56RMENYb0vxdkA;[Clique 871]
UCwdEDZE7A3md5nNjVhBCxWA;[Clique 690]
UCrP4aTUB7ZaqgQTs1ekiiIQ;[Clique 61]
UC1MheEsF-4m--f37FrMtKow;[Clique 691]
UCEIawcqCnfSf2-EVaw7SAHA;[Clique 872]
UCWm0vkUnOs55W_O_xKuYlDg;[Clique 186, Clique 43, Clique 692]
UCZ1YUsdx-vk47VhDZjUh5eg;[Clique 693]
UCinJDsdR6vMX_PsFjDL5RgA;[Clique 873]
UCf4ivZgejGchcQoEw3yeMCQ;[Clique 874]
UCw41lO1mW8fCMLgr9H5Kmqw;[Clique 404]
UCKB9o3a2KglLFE76MRNxHkw;[Clique 203]
UCfqMqqueZ6IPQhlEWrPb4dg;[Clique 139, Clique 279]
UCctxq6odLC3-q95A2ofFF-g;[Clique 875]
UCv4yMvWvpUhgxbq0NcHPOyA;[Clique 593, Clique 694, Clique 81]
UCADiDTVcAkApK-YgcchuGcQ;[Clique 876]
UCy6WfTnwViDJqYKsJCxNFaQ;[Clique 187]
UCyp5oP2CHT7whw9HndkEilQ;[Clique 877]
UC2opZsXUH1lGT89On_JDyBQ;[Clique 104]
UCKGRijiols1gM1pVvn8wuWw;[Clique 878]
UC4fsq0VylIdDT0kgtJJFOZQ;[Clique 695]
UCwwBToMUPkHq78Q28cJzkDg;[Clique 879]
UCiqpV-IJvpJxxJY157s5qHQ;[Clique 105, Clique 692]
UC8pGjJisYZcUWux-TW_gaNQ;[Clique 880]
UCSETcBqdDps7b486Al7-9WQ;[Clique 188, Clique 493]
UCI9gdBKSGO4AFUrONemYIYQ;[Clique 44]
UC2pOZBk6BejaxtT6NjdbKiw;[Clique 696]
UC1n-66UCm_5Lhqbn62DiZlA;[Clique 697]
UCygU2WZKuUPff2K8Z2pmnxg;[Clique 698]
UCc_I99-eSeibWdz8QCVI8iA;[Clique 699]
UCZtYb70_sJHts7aHpiDb-rA;[Clique 700]
UCoYyge3Ts_ZT3Z0LP2VoXqw;[Clique 701]
UCw7z82jC8httwxI8jsBrfIA;[Clique 189]
UCITBg50Tya6vGtbrqserjbQ;[Clique 702]
UCXtqE8pBOg8vzNbbGkFtOcg;[Clique 703]
UCh73J4aMCvyn1hEdkUcpJkg;[Clique 704]
UCciI-XZ3Q23ef-KvKoly9wg;[Clique 705]
UCrSckF1NRiIJ0Lh1F1jKc1w;[Clique 706]
UCNXXAb0PeSvMAH-shg5XhMA;[Clique 707]
UCsjAnJU2vz5a1ZHo_dIYPeg;[Clique 708]
UCAMYRmmGU8hM6lnus3PXYaQ;[Clique 106]
UCqMYBq3Xjev28cPV8-YmF8A;[Clique 709]
UCmwP37Y_chhcfadPXAxiMMA;[Clique 710]
UC_MvyQlyzyhugDfvvb0adQQ;[Clique 711]
UCUdEFxLyX0lewdjxuw9fATA;[Clique 694]
UCfVZus3TwBYJcRoBypj0uiQ;[Clique 140]
UCRBHm5N0ZgPpmUrjHMZPX5A;[Clique 512]
UCjPL0hbkZDBQrLMFJ4B69CQ;[Clique 712]
UCg6L2JK56643PTD7Rbe9grA;[Clique 190]
UC4zzDAEZewAOFsbBCDL5yNg;[Clique 552]
UCRY0Sb_1rp8e2pyYJLqA75w;[Clique 713]
UCa_1Z0sIriWRW7snPOEiytQ;[Clique 553]
UCxlFMx92SbUnvS2krDEPeSQ;[Clique 344]
UC2YZfx3lcxmiVYbX8OQc2aw;[Clique 554]
UCHCrVIeNP7wc9gkIxx-WbSg;[Clique 714]
UCKj_jzhqDdkz5B3nRYKQ35g;[Clique 555]
UCQxeuVKoaAPZ53T0Jjk3Pkg;[Clique 715]
UC3fgQawvKYavKJmGxhOWMzw;[Clique 556]
UCf7t9TaT0Acm8wb83Lb8RfQ;[Clique 154]
UCtqlYOmH4ExRWUigsNd-dzQ;[Clique 557]
UCMXRDKp8_wnm_sbFE2MsiSA;[Clique 716]
UC-gg-tUldu-VyUxn9xFVUlQ;[Clique 558]
UC-UWjvpPIXqww2TEXvBN-oA;[Clique 717]
UC8_3AS6qbbeDb5dbT9mGTmw;[Clique 457]
UC_w2B_934NrE4072d31zO0A;[Clique 718]
UCwZ8pDVqRig_wbU_YKyrbHw;[Clique 559]
UCrnHga_7aIlTfnmTg38a42g;[Clique 560]
UC_S0zY17atkccUuxQdwwEdA;[Clique 291, Clique 384]
UCEBHwIKGj06ui9eVnP56mdw;[Clique 237]
UC5iYOQ8frLdhQAqVgAZZyyA;[Clique 561]
UCMPFzFEMDa7wjkuGqNPin2A;[Clique 155]
UCSkOH-tgfNqiEeqoZ6pDDjQ;[Clique 178]
UCPob5WKmdh7K_peC4hUjomQ;[Clique 719]
UCVyy1AhPa0oTMx0D4Q7PwVQ;[Clique 562]
UCW8bOG4x0w1YQXYMrXUjwtw;[Clique 191, Clique 459]
UC1B_uHPQbdwyrsjmdg2WeSg;[Clique 252]
UCR2yalOAD0QA43UJqnUqn6g;[Clique 720]
UCwmz-mb3S8dIP0yTDCvdlYw;[Clique 563]
UC7Lx9kUeCXE8kWmziNLmccA;[Clique 721]
UC8MU444t9wsLs4Yek4_96iw;[Clique 564]
UCzGmk1XT6D0NdAvTLxpaviQ;[Clique 722]
UCgcWnW6rzucOjmINWz2kLaQ;[Clique 565]
UCeGqdOQ63vt2UBYL2tp5Veg;[Clique 723]
UCzj8TeYmouw60EHC-gGlFjg;[Clique 566]
UCmYuukI7FXKbwJreF8o2bhQ;[Clique 724]
UCWbbnBYCiM0ah7-a77bKSqg;[Clique 567]
UCnRQKr8qf5PdS8U5SkbwpbA;[Clique 28]
UCwjD3Uk4fIjlQkXCDxWIfhw;[Clique 725]
UCCCV8Qqb54POET_b4vXa-Mg;[Clique 45]
UC2YOr8p8MlAoEVKa1GgTpuQ;[Clique 132, Clique 210, Clique 211, Clique 568]
UCVAz-tLiWx8RHfWUVj3e3Gw;[Clique 170, Clique 46]
UCBHnSpnP-dnhG4JEl22NJew;[Clique 569]
UCxcvydYS2Xr3ez7_VZ1-Vsg;[Clique 726]
UC5937tgHXj7W-ZqBKVaaQ2A;[Clique 570]
UCm7d0z8VlRSQgtjbdXSpv5w;[Clique 727]
UC4V2h6cz2WwBm_pbY417_cg;[Clique 284]
UCaIBBZXfoKlOQFeO4XXunZg;[Clique 728]
UC-4ufpWcCe_K346olq46lEQ;[Clique 133]
UC61N8wu-uwcluXy1WEBIc6A;[Clique 369]
UCtEDzsOcq0-8CXIj915KnfA;[Clique 571]
UCOFBDs1O78CRvRR9WifPE8A;[Clique 47]
UCu92vmxF1utZzx7mAR1Kt4Q;[Clique 572]
UC44zCXrPjZZgM2O-x_LaPwg;[Clique 729]
UC34a7vENqdD1SGBRaeJGa0w;[Clique 573]
UCdeLAJVTsoWVzdh_AdtbdJg;[Clique 730]
UC6yZPMcY48jWXl_Jgp6RfvQ;[Clique 574]
UCBVUQ47FS57-ao7_x2lbETw;[Clique 234]
UCHlto37E1gIaBt1B2C5d-GA;[Clique 731]
UC_QTWlenyDfYLJ2DUVdDyFQ;[Clique 732]
UCr0lqI62LXpc2LR4fmnEdyg;[Clique 575]
UCn5uy5b4eBcAYaJV29OikHA;[Clique 733]
UC8nw6P3PUNMwRagroBXv0mA;[Clique 29]
UCcexX_pT8SiVtBTTe1-A0BQ;[Clique 734]
UCkBPc6eYc3zypmVZee7S6tg;[Clique 179, Clique 30]
UCRokSp8CGOuQO4R0F1RxRGg;[Clique 156, Clique 458, Clique 713, Clique 735]
UCLMOQktZTyvFJOAjT81J_hg;[Clique 576]
UC5WDskAuiU5GzFjHK0dZKVA;[Clique 736]
UCe-1J2Qls6mMQvHq3Y_CROg;[Clique 116, Clique 475, Clique 568]
UC6krXeScsNJwNTate5CJQRg;[Clique 737]
UC8eVMLzZTi7DXo8ivebOh_g;[Clique 87]
UCcuOebSsQ0bTSUHE2sMJFhg;[Clique 738]
UC8wWH-gahAgHZXJJSOZ1TJw;[Clique 577]
UC4S23PuFtWcAb0d9Qrw0uMw;[Clique 739]
UCIN5QmX4Mi0XVWsaK8j6eSg;[Clique 578]
UCPcSRaw37Npp1GoFTNaT4rw;[Clique 48]
UCCus-RA5tZ14emCrSFwO_kg;[Clique 579]
UCAinyuh-CYWFlnTEUAcgFwg;[Clique 580]
UCuUL52oMSV-zLOzFYCunh2w;[Clique 740]
UCuaWc9jrN96nmP82bi5Itdg;[Clique 10]
UCgH5GB_LCPFG-8u8sNHfvNw;[Clique 581]
UC2I6YTE1zYR_84n-1cFYuTw;[Clique 741]
UCk3WSun3wytHpt4Pm4XjGMQ;[Clique 582]
UCq_i4vIaN5LLxhPENFqwOGA;[Clique 742]
UCzpKoBCBPeS6KDAw8RlqPPg;[Clique 396]
UCr1kM-P56LNoOqz7Wc2C4Ng;[Clique 583]
UCWLJAeTHBRirkhuPcpKskOQ;[Clique 743]
UCj3RgRPRXBfAqi6kQmlv7rw;[Clique 248]
UC15BO8RfFqmsA5StVav4E4w;[Clique 584]
UCof3k2jGpoeTshudhWvvbHw;[Clique 744]
UCSc3llMs89e0NfqqHpWV9dQ;[Clique 397]
UC5tFuBh1ll4mHbL0jggRhnw;[Clique 161, Clique 180]
UCctQ_44sz5OX7Ir8y_2Q8yQ;[Clique 745]
UCIGu3oFeDabwzmtjMYajUXg;[Clique 398]
UCK1CbJl3O1em5Qw0mADkLpw;[Clique 555]
UCBTJHNcE6_vewym-yf67KZA;[Clique 746]
UCkNnM1g_2AXqHZDzW5b5oUw;[Clique 399]
UCI8__KwGuXREiWy5ZSx0jKQ;[Clique 585]
UCnKHyR8pOZuqHgO4z2mBhZQ;[Clique 747]
UCawrCplBclZ_DNybFUztVtg;[Clique 400]
UC2CmebXMRSAc0gteGAKkl_w;[Clique 586]
UCxk9s30PBtZf2Sn2II6zp9w;[Clique 748]
UCg8srrq4g3Vt1EbqzDxKWKA;[Clique 401]
UC4Wkjbw3bwEUi1uXGfNIhAQ;[Clique 587]
UCA9fe-R8nQVFwDB2ilx5RHg;[Clique 115, Clique 92]
UC951XnxiXZ453TJ0hbh5-ug;[Clique 588]
UC9kgIKS9r8Czc49oz2ftO4g;[Clique 402]
UCWrn2_rRX5x03MBL7-lAM0A;[Clique 403, Clique 67]
UCLtMXphbdrj7DjwwvzdQWTQ;[Clique 749]
UC8z9FHbPlksjiU4ELhxaYfw;[Clique 107]
UC3-oBLK3zXh8GLRi612C6YQ;[Clique 31]
UCqrrpLHITWNbASTw1LHI0FA;[Clique 750]
UC_dNxdhDduAeZPYHENdTdsw;[Clique 589]
UCu4h3C0Sbapf7ikLGCn2SIQ;[Clique 751]
UCUhgirZrr1c9HYK_RWaw-vg;[Clique 404]
UCb2wrkYi4CRb5gQmiYGAFcg;[Clique 181]
UCk2nAxqreTHmYtjKK3VGGgA;[Clique 752]
UCCa0o0chZPK9gxuZuOGYzow;[Clique 405]
UC8x9wzgwz2d72pF1RfgqFcA;[Clique 590]
UCWpxuZji6-0Lsp2KF7iYZEw;[Clique 753]
UCfUst1LHB51j98shPTFiZYQ;[Clique 406]
UCYjV_0zB7wpzWkj-KyYenVw;[Clique 591]
UCYz2WwrbXn-RB4XD3ehMSdA;[Clique 754]
UCDE96WLNL8WSYlxoZmuKHBQ;[Clique 407]
UC3KKcK6t7xjcuw7LEybxggw;[Clique 592]
UCjoQGpb95nhIN_zRVvOAcMQ;[Clique 456]
UCf6Z4eLwQ6d2Sd1OdLxQfqw;[Clique 408]
UCBeqQ8lQPIEyNiTI3pZ6CIg;[Clique 593]
UCKAT4LgTl0xXJ-pHzu2mOkw;[Clique 192]
UC6hleNx0MKH5yHjFTzAs00A;[Clique 409]
UCXkV3oc00AjO7xItTtcospw;[Clique 594]
UC_eGHOnR3l6OvKpRvGBHKaQ;[Clique 302, Clique 729]
UCTxyiEN9syt0qQ_rRnbPbyA;[Clique 409]
UCGMGuN6HgjcqvHTVYPJleNg;[Clique 595]
UCDEgy1qgB3w7C2jmu76LWlg;[Clique 309]
UCKQJ7xqnMi8BnAngp14LrlA;[Clique 596]
UCJ52paTNi9sgfEw8N_cowBA;[Clique 169, Clique 170, Clique 410]
UCyXi-cJK0xh7E9mXINs9tgg;[Clique 411]
UCp1gNJ3vWxOUYxdFaaRlExA;[Clique 162]
UCLSNy1I3LmslD51wQ2E9JXQ;[Clique 32]
UC1PW-EyR55RWNqXgi1RBgKw;[Clique 412]
UCoLaZc3Sop2RgyR9xylQWrQ;[Clique 213]
UCjK3a_dof7GtWv92V43wRLA;[Clique 413]
UCg9UzI8lg2YOPlRA7vzm6NQ;[Clique 597]
UCceABRJLglg0tZ3qYn-LlKQ;[Clique 20, Clique 403]
UCi9hPYfHJHAS8L4e6Mx9Qug;[Clique 598]
UC9ylUmcuFYB7x_wk8x9dXLQ;[Clique 414]
UCasOpkgY_GBfSihnTMRboNA;[Clique 599]
UCqMlNfJZcN2r6Jty4Dra67A;[Clique 415]
UCpFQkxH2lNfyeaW8jw6Uzsw;[Clique 600]
UC0KOQX9zb2_q5MeGx2I-FLQ;[Clique 416]
UCWclmAFtezimb1nB_GFG79g;[Clique 601]
UCTPZzXg1l4wWPbD56NgpRrw;[Clique 417]
UC9n9WADOkUb2vtcoo7v4FqA;[Clique 602]
UCNSBabuEtkrG2hsB0KKKVpA;[Clique 93]
UC2TFulkjvejvfbzPcrXhwMw;[Clique 134, Clique 521]
UCiLPdcwSQmJLPdfyMYu4gLw;[Clique 94]
UCxkzL2JIb4bo8wQb3BbH3KQ;[Clique 418, Clique 419]
UChMzY-Fz2y_LL7fTqxldaXg;[Clique 603]
UCTc2t0qPLXRlsEOmCD-f0pA;[Clique 33]
UCo72TheHFFwc7F8jAI-8NhQ;[Clique 420]
UCyxw1m2TT3HZl8Yuv2qq9XA;[Clique 604]
UCdeILSgqzphmH9HNs9--Zxw;[Clique 421]
UC4QZdtvgM8FKq7TuUjkeugA;[Clique 605]
UCcEcmVaXpr7upBhysf3aiVg;[Clique 422]
UCtGp8PJNpT7jHRv9g0Mt8Cg;[Clique 277]
UC4JtvnRZjpHVkVZfhU9c73A;[Clique 423]
UC8g3iBsPe-ZslDM0I5IXaew;[Clique 150, Clique 392]
UCGZ8Do8_XZCWWQetNclU3uQ;[Clique 424]
UC5-tyhR6yldyo2s5xdema7Q;[Clique 318, Clique 606]
UCHXy97-3h8fCQ-_CyEOj2Vw;[Clique 169, Clique 171, Clique 275]
UCTPdaO3OhpZLy4EzqNRcn_A;[Clique 607]
UCdwWejLI2AlN-aD8AZkhcrA;[Clique 425]
UCdIxvqWCqZKDqRGbavoHh5Q;[Clique 608]
UCaJkGVWqEJtYg2oF-14ShNg;[Clique 426]
UC8Jq0OHvO_WZnlwfgHiyecw;[Clique 609]
UCj0_e79MXygM5xMJmNVnX3g;[Clique 427]
UCqMQIJ_b1hk1o60be3O8Z5g;[Clique 428]
UCa4-FDh5DgbWY0_5bc64S1g;[Clique 610]
UCrtjAPxksTcUwmw0rTM8hXA;[Clique 611]
UC_SrQ06KQ_7BUAU8nRYX49g;[Clique 429]
UCo0HlAmDUwe98Xn6ibFvzDg;[Clique 612]
UCxtCoj10e3sYTfPhR5y16ag;[Clique 430]
UCnfpBaQBm2T-7U5kD2d69IA;[Clique 151]
UCBHGGBTEmPmeYQk4nn1ikSg;[Clique 349]
UCRSqICmeHCPC6tsoUmzzgJg;[Clique 613]
UCS5tRYB_pLmxPx2HvsVzSAw;[Clique 64]
UCdoo-THptw31_sIjFC-M2Lw;[Clique 352, Clique 614]
UC-A84Myl4XJK8rE8GOQf8_Q;[Clique 431]
UCvfpCvJxFkodGnM01_Q6zTA;[Clique 117]
UCDwtF7uhKSVpu8Db57nJyDw;[Clique 432]
UCk5bGThYvsK3s_RfUuVh1Jg;[Clique 34]
UCIdxtUb7v6tZDAv-HEMAZGg;[Clique 433]
UCfw60XNSo2XdNWMYMjxShbA;[Clique 615]
UCj8eX-gQUR1I-Npjg2Iz07Q;[Clique 434]
UCWnIY3I2LGCDYzhNWRjDY0g;[Clique 616]
UCf31UUu0BFhAYeH_ruTwJTg;[Clique 435]
UCfrT9ruJeUBCJwnLi1qxZNw;[Clique 427]
UCzDp7jYLj-KwSW15ltUtaEA;[Clique 617]
UCqv45xWK27qKaN6YiGMBlOw;[Clique 182]
UC88HGuRO5N4UzEvWlWeGlDA;[Clique 436]
UC_MqJO8eoWXyj-f6IzhvpMg;[Clique 618]
UCOWETDGmyiv72s1Y_xwFYdg;[Clique 125, Clique 255, Clique 437, Clique 438, Clique 73]
UC0sJrMitw7FUd_1PCR3Mlng;[Clique 347]
UCeDzfwqge6OFETZwKVgEB_w;[Clique 296]
UCRXF8700-Wdygf-GcJxAkWg;[Clique 619]
UCZlGxgJrXXOVRW7vmh_Qsfw;[Clique 121]
UC0dUOQ9t8TfkP_6vZ6jdYQQ;[Clique 152]
UC84eykTK1iL2nAa5BNhWSOQ;[Clique 439]
UCl3M9_akkgjWE1_mAMlchRQ;[Clique 100]
UCIzy9f7zEo4VO_IIG0c_uQA;[Clique 244]
UCZoyJo9owURzOiZl7jWv-uQ;[Clique 35]
UCQf0le7eNyBHiVvsrJV-EYg;[Clique 440]
UC3xNA-omnOzR5A1HAn5dlow;[Clique 620]
UCv9uh3QdJMEwyd8T3J5LAcQ;[Clique 95]
UC7t_iDrXXYemFvg_kiiljXw;[Clique 621]
UCLhcXp3iZYyTQGowa-4zkTQ;[Clique 217, Clique 229]
UCwWjbVWnH4dhYkLC6tX3Aww;[Clique 441]
UCoqJqNw98JzWETiU90OyOWQ;[Clique 442]
UCcALJOeZcvHMptE_o-RleCw;[Clique 443]
UCQpPUeVK7i9tWG36qhurx8g;[Clique 128, Clique 287, Clique 418]
UC3kvdGbrKH5nbpN0t2W65ZA;[Clique 444]
UCKMp6y3jmyEBRSMTKiuYU1Q;[Clique 445]
UCCWWBX6QdLxZmtkS4R3h3PQ;[Clique 446]
UC67YmNsqPa3H9F1ou6QUm1Q;[Clique 447]
UC4JpuzhWoGLc-IpzmELFZ8w;[Clique 448]
UCZmoXD0saM5qGCfb2-RcO0A;[Clique 330, Clique 89]
UCWFm4-ZUsfoV6OmcSVoc5Xw;[Clique 449]
UCUtxN2EFZT1eGQsXIv-c6rw;[Clique 450]
UCYu60ZSY-65e1fe3bcpb_Kg;[Clique 451]
UCSZ3I-YjLZy6mvbqe7b9wpw;[Clique 452]
UCiMT2id3CcPDeCBhc9w4Wng;[Clique 453]
UC-4sD_SjQmWEmp1IoosFNfA;[Clique 454]
UC13EGzyOzqmwpTnTC5kCyNg;[Clique 419]
UC-wbK8VtNahIu4Db4FcTyBA;[Clique 455]
UC-9Bhsnug_kQSrUI8W8tSwg;[Clique 456]
UC0rZkAUynskxxNDzAxCZrqQ;[Clique 172, Clique 335, Clique 457, Clique 458, Clique 96]
UCUEa0cv9cMlhNb4LE5Vkb6Q;[Clique 21, Clique 245, Clique 459]
UCVzkQBVSF5GDkJEGsYyIDNw;[Clique 460]
UC9sZU3W9aXafF5umwOwXMKg;[Clique 461]
UCkx9yrU84TCa3I-x6ZsgjkA;[Clique 462]
UCGoMKrBtQbf6yB5K8ooYfTQ;[Clique 463]
UCd8_am7hpRby99uQjVWNxgg;[Clique 464]
UC18mzX2dIWq9TFfM9OPE0iQ;[Clique 310]
UCJK5P9mvCBhQkIG56JRb-Yg;[Clique 22, Clique 331]
UC_V8nYStiOSznw5Kzu3jljA;[Clique 465]
UCrzeAPJOeuWEiGKWxlFnqYQ;[Clique 466]
UCuTor_txjodY4Spc0doiOlA;[Clique 467]
UCaUxW-RQrtG648tRtTfeYdQ;[Clique 97]
UCmdRostiazOWYUCCIVcyVSQ;[Clique 171]
UCbOpfSsp_RSn33iZuKAtGVA;[Clique 468]
UCy9IXKEyTmibCn9WyDCDvSg;[Clique 173]
UC58xG7K1NXD6CeBXyAyg3zQ;[Clique 469]
UCboXUYtF74Hl2bIoOqn_Rug;[Clique 470]
UCI1PpwdQNFalQFHtUxrzHsQ;[Clique 471]
UCwdrbtJLyzKx1a48biqyqfw;[Clique 276]
UCIZKYyqgwNF3P2f7VFXfW1Q;[Clique 472]
UC2AsQFjlrctA8r53GF1CPOQ;[Clique 473]
UCpPoDfboMYiOXxlZAZGN13g;[Clique 755]
UCZ0oaYlxmk7wy9XWt_MXOjQ;[Clique 108, Clique 49]
UCUCpf2RYrXcATDGfkRIIXxg;[Clique 756]
UCmycRIaWDpswm4-LBDtdwUw;[Clique 757]
UCeE5h2CfoYrsHTyXHm8EKmA;[Clique 758]
UCNJoC7ssdMrDJadZmbGbHBw;[Clique 193, Clique 42]
UCk5ZIpW-QOYTMWNl-CuMiVQ;[Clique 759]
UCsvObCUonPJDN-BglZ-VvTw;[Clique 289]
UCHcXQ_di8awI6HZmf77V2OA;[Clique 760]
UCoRRTiZuAHK5uA_o2DodnHg;[Clique 761]
UCedTsHYfvBr_rXuTohea2Zg;[Clique 762]
UC1863hHJvU7IfrC5z97zK2g;[Clique 763]
UC49fT_3SgcieLB6sRfi_vZA;[Clique 194]
UC4F4PXylUkskEeQHinG-5BA;[Clique 764]
UCEEy2snIA-LmkLltlR0UT7w;[Clique 109]
UC2M_s7wx-Pv3iSuVSl7QbZA;[Clique 765]
UC2gVEfUwBOUSqkJQKaolWPA;[Clique 766]
UCX3_yjYJV1iub-3TCL5owmg;[Clique 767]
UCm5MeDkxOe6ofQnWG9Ec-Dg;[Clique 768]
UCu9gI8Y4pmy65Lqq-LrQdfQ;[Clique 769]
UCvN2esfN6oAghjkkmLcMVqQ;[Clique 770]
UCuQdlgXfTqaRUNcJZY6KFeg;[Clique 771]
UCHAu_5a7viIy1SFrPtoyVLg;[Clique 772]
UCR8MNkwTA7CFNy_WyVN_rxg;[Clique 773]
UC7wva20M-u28AdR7SZfSFDg;[Clique 774]
UCafESLmRacuYzH2WDBlq0IA;[Clique 775]
UC-CTqjv_MfPMCVqpNMrq4nQ;[Clique 776]
UCrcUWfrXHrB2JRfUaFu5RBA;[Clique 195]
UCNEljlbrJ7Rbc64RyigxpZg;[Clique 777]
UC4xhr7s28OovLUqp2Nh8uOQ;[Clique 778]
UC3z7q6y1d3s0pYD9qCOULmQ;[Clique 353]
UCKPmF1nb7j5hpolP8Nvnyeg;[Clique 779]
UCTL3n0dOS-3eYSt_2zdywrQ;[Clique 196, Clique 780]
UCTVIOcCP6tbARZu6Abh-TRA;[Clique 50]
UCyd3LdEvpzu68D__V55KcHg;[Clique 51]
UCT5jyiw5jW2VA1Vlx_EMGMQ;[Clique 781]
UCW3PKLSEBHacA5tHBtSu7ZA;[Clique 782]
UCsvZPk_iEgMywvxbqSQDTlA;[Clique 783]
UCEu7aZq7zr36Yz1ruNJ0R7g;[Clique 438]
UCEiIpL1NYN9pa_VTKFiTlfA;[Clique 784]
UCQ0zW64DQf4NgMJ7OH_zP9A;[Clique 785]
UCvY-2zC3e2KiU53wFYtI3ug;[Clique 332]
UCNIVyM536DPKSGfnRC96iiQ;[Clique 622]
UCzOthT30LaQVY-sUeF7RqCg;[Clique 786]
UCGKicWNgfs-5Mqk8q112xGw;[Clique 623]
UCbYqGdjhWMyevEKCHP3gIxA;[Clique 787]
UC173hA7fOGutUp5Tm0mutMg;[Clique 351]
UCcNTIqVcom-kROBc-Or_UmA;[Clique 788]
UCOv_YPtwbmAVYQtr5_bplhQ;[Clique 380]
UCfKQNKiaEnog2xV0j5UhiKA;[Clique 789]
UCPu4ZOT2fhOTXDTY-OtYr9g;[Clique 624]
UC1aFCdA49iBPtOA58JSraxQ;[Clique 790]
UCTDD7P1zxmRr8zilfTSV1DA;[Clique 625]
UCvPUAv5oavtdL8NIqlRYoFg;[Clique 791]
UCPC7Kv3Z5qU6j5OclDV_dCw;[Clique 626]
UCTrEv0Dgmqek71hdR3bOerg;[Clique 52]
UCSkGgaoU6qsMq3-BdD6UQ2Q;[Clique 627]
UCzpZXM9r9LXDMITudq2sryg;[Clique 792]
UClrnYnBUtV5M5KYvMdVT_tw;[Clique 367]
UCfaAoWIop5BHqRGpWVVj64A;[Clique 628]
UCfORoSco88fbaKWdZY2_IJQ;[Clique 793]
UC8acGheisG-4fJP471Hbw2Q;[Clique 794]
UC6eaqrkhA29RaGCXnrIMRpw;[Clique 271]
UCpgJDNb-w8oXrcLMauuY6aw;[Clique 795]
UChEfaDxWX1fSaHrwMTX7abw;[Clique 629]
UC_EtMAh67NWtP_psPF0mXTg;[Clique 796]
UCuQxWMsJFP1UpD7Gn5StT1w;[Clique 630]
UCjXCyCRA4BDW0jCZQwol3XA;[Clique 797]
UCPPqgUl8XuWB6E086GUNTIw;[Clique 65]
UCzkThOOqRPK3YlotBEV4hQA;[Clique 798]
UCr4rpVG5Yt34rwcM5W3BFFA;[Clique 631]
UCYPNLK8JcEOSno5azFeL3IQ;[Clique 799]
UCMbUDtUg8rmF5UhaIJbq9lQ;[Clique 253]
UCymsw6xMS-UqW5dYIb93WGQ;[Clique 800]
UCmbR9VZysM3PrMSQ7nPylwg;[Clique 632]
UC-PxBJ4TvVMIFyPFl7GDEzw;[Clique 801]
UC2v-VRCItgc9wvZJdx_H9lQ;[Clique 124, Clique 183, Clique 230, Clique 447]
UCHOjw_0VDN33rfRGIi0Wm9w;[Clique 802]
UCVloE81ZguUYZjugHHM0heg;[Clique 236]
UCLd4WzEx4e1LPrU8U_OSo_Q;[Clique 633]
UCi7pF68YVk0Ie92GvdNU9lQ;[Clique 803]
UCLRxDisl22a1wA59CRs5hQw;[Clique 142, Clique 197]
UCgbkYdbAWrrpAsp8arJ9j2A;[Clique 321]
UC-ZdhX4XQr9IRlCz5LNpoQQ;[Clique 804]
UCqOpk1kJJQoZ48uOSfnPkZQ;[Clique 36]
UCqd1wibbOIUtaGGBzja62hA;[Clique 805]
UC7r51-SGPfrBe3THIUZHyOw;[Clique 634]
UCwvKWmZeLzxXet3wInk_2ZA;[Clique 530]
UC6uiuJrywC4l191GnA3fpQw;[Clique 297]
UCDBgSA_DZ0NNMtf2_C0zQXA;[Clique 806]
UCbOBqTJRoxyuW4x6NcoxLKQ;[Clique 635]
UCwtIEEqHY9adicAV9yhPZbw;[Clique 807]
UCdpqu5vzPpdkQthxImy8g6A;[Clique 636]
UCWz7bTUrqJU8tf890RX2upw;[Clique 808]
UCLERLo_nlP_Ya4K23AMAZpw;[Clique 637]
UCNJljeiMmijPrpn6Z5boE-g;[Clique 110]
UC1thIgB49qLcZqK48ainZlQ;[Clique 638]
UCpzcZrA25rFiCv_JUBzj20w;[Clique 198]
UCADZCpZnQp_qTwCOH6tvDVw;[Clique 639]
UCDENF43H5oFq1voGbmaYBpA;[Clique 640]
UC2Dc9aDecDNq1wHNWH66ymQ;[Clique 410, Clique 53]
UC7zVsE8WEtJashW3TeKlEMQ;[Clique 431]
UC5TVPuTRgPeYuENhYo0ue1Q;[Clique 641]
UCZdwucs-OAj7PA1_djGRZGg;[Clique 809]
UCW8_2yQZPLr7kanVA24sg8Q;[Clique 642]
UCPXqXDW9ZUOiHCi9D6kZIWA;[Clique 54]
UCHqVpfdzLgnIFoqKf0ye_3Q;[Clique 643]
UC7f55n_82vNE3T4O8nNfLCQ;[Clique 810]
UCFVrVEClgaIIgsvP6CP1kgA;[Clique 644]
UCTqkBEZBTJEBtGVdKVzQdzQ;[Clique 811]
UCeQ30NJUlXR2uAkJ3X6IPSA;[Clique 645]
UCna3b9s_y-8x4KSBKphYnIQ;[Clique 735]
UCX9zbQcMd-nSj8BLme6RJag;[Clique 646]
UCI7jpEeCOc1vgnvOK535Jhg;[Clique 812]
UCePq2to0JR6DhD4-h-AX2Lg;[Clique 647]
UCVGNj8RamgDmHy3zbOTt1gA;[Clique 143]
UCJ7lMACmZ8XSvHfdzgjRYxA;[Clique 648]
UCD2r74WKUWMxZN9ljUJqBTQ;[Clique 813]
UCOm_XozvIDv3TmIJEBJfvCw;[Clique 37]
UCKUKJAp9_AKTeSaKUxCNotQ;[Clique 649]
UCwJ0iv-NyFJLjXXrxLYmuLw;[Clique 814]
UCKaTN3lieOB2MZoLRbEcMzw;[Clique 815]
UChIVAYB_uPdtX-yWsciiaug;[Clique 650]
UCjmkh7U45egQagVHwjJBKdw;[Clique 816]
UCBhkS9yarpvh91QaG_CTGGQ;[Clique 651]
UCpTaS3rRhrJKsct62vUXEkg;[Clique 817]
UCKaNYI3AA7XSyeO5bkTJV9g;[Clique 474]
UC-adMQjZJcd8xoeyXqH7I0Q;[Clique 652]
UCaOM53bUE6vZzc5L1OWaJiQ;[Clique 818]
UC39Y9Swtp7OSd0C5Ni77zpA;[Clique 475]
UCmF1fKmbRYylHRNr-2z6PbA;[Clique 278]
UC9LWootLhp8mshtE2wKsmqg;[Clique 819]
UC5aZTaOr5QlC1SEicVt6OTw;[Clique 476]
UCChj666nMe5sy2OOH_xX9LA;[Clique 653]
UCOnWVddvx_Bz2ELnDwPUWaQ;[Clique 820]
UCWSMn-z6r1v9y63FRbcSCNg;[Clique 477]
UCpvgAg6ZXP_QjDBQnpkLD9Q;[Clique 654]
UCtlYm1QeAfO9obdHQwo9MDg;[Clique 821]
UCaFp5d7tB-RfVGdcUnW7HDA;[Clique 478]
UCHYdKZNojTrCEwARrw0pQqg;[Clique 655]
UCF688fo4lk-wX8BRMi5XjzQ;[Clique 822]
UCyKCMoOn1uCI4fh7gUTvRFA;[Clique 479]
UCVcvTVqwyhaH4z2f70EpsPQ;[Clique 214]
UCrV0kVCdCFjB0cnjF5YhmEQ;[Clique 823]
UC3SUk0LKXOBLOgYJHg3D_tA;[Clique 480]
UC7imQdzrRfwss9I2dqgT_jg;[Clique 614]
UCQAzqUF9nXqGU468sc_24vg;[Clique 481]
UCjncyDArSEUrRDBk8uGQo7g;[Clique 656]
UCfOXtlVHHVEsMxhywXF9lWg;[Clique 22]
UCbouZ3cbdOKkBNfI2scOnIg;[Clique 482]
UCfmD6Pg5ywwH00wWAv4rOGg;[Clique 824]
UCDKHNYGbvdcbuG9J7Zz0Shw;[Clique 825]
UCegfiHn5dQANT1HtGGsamiQ;[Clique 657]
UCGfK1JOPEbluL6Ik4mKau_A;[Clique 826]
UCsCuFqH28ExzhIq2j6ZhNbQ;[Clique 9]
UCDcdKcteTjzHt0KFiJWy0Aw;[Clique 199]
UCMFXNJJzCujeXqin5KOVvKw;[Clique 483]
UC4SlxJdDXV0B1d2iFU663uA;[Clique 658]
UCaJ_J2NKp9j8S5Y-UeX9KUw;[Clique 780]
UCxoOHao2751Ths7HE6RtQ6A;[Clique 484]
UCfismY0GGKqOxnFZXoirhVg;[Clique 659]
UChaICFoaW6TkF1fnZPrR5OA;[Clique 827]
UCDmyr8gve_Nl5qFGYj05u9A;[Clique 437]
UCTzl80Zkt4YYmomRYVbbYxA;[Clique 38]
UC6U7Ouw54HRovUbnRHkyvgA;[Clique 55]
UC7uoqb4hyYFV7y_TTs1K45Q;[Clique 485]
UCwAVziT0Y82yxewjRp-lF1g;[Clique 39]
UCZPVv40zrumW-pluoRkLsIg;[Clique 56]
UC_-LVIMKWoGoHtxQb1e_LBw;[Clique 486]
UCvFzob1jb7AQWv6v6DDnSlw;[Clique 135]
UCMqxDXVIEcJa2Ofr2ASwD6w;[Clique 828]
UCMy7b7GB9I-k_fiqCPGr8qg;[Clique 487]
UCwKYl8-GGltY_3GT8RnZwhQ;[Clique 660]
UCnevWgUgkKRNc9Hm7zPKnpg;[Clique 829]
UCcyVYI0QlEgOa8WWuzTNpxA;[Clique 488]
UC7Fm1_sBtynslpjUu36XScA;[Clique 136]
UCjfQPxkBOFoMvQaQ_TI8oJA;[Clique 489]
UCn0bXiPuW18NInbhDucM8NQ;[Clique 661]
UCtmIPXPpXtkNbGLDn96DN4g;[Clique 490]
UCfxOBeWZKpWDaLArq-8KN-g;[Clique 491]
UCnmu0bUBFlI8yXK1I1jL7ug;[Clique 516]
UClnEZz4X-Znt8Vf4FIXfQvw;[Clique 101, Clique 184, Clique 40]
UCOhiO7AVmhANLjIw58QQf4w;[Clique 492]
UCy8kXFNFQIif_kIqT9Mi-6A;[Clique 662]
UCy9E6gH6eLW8c6HMH2i4Bhw;[Clique 23, Clique 493]
UC7JAQNgbR0Sy74geY5sk-hw;[Clique 663]
UCO1RvHJngsVzYt9gs53mFMA;[Clique 494]
UCwotG0V6acZy4O8OgFU_ekQ;[Clique 606]
UCJR-UB9yhd5slnrhHQehKtQ;[Clique 495]
UCShX7CJnwp8N1bx0A6Fpd7w;[Clique 102, Clique 274]
UCqWltFnKRyaTf7IRBdi3J0Q;[Clique 368]
UC8BwL4nkuWV1Fmkqyz02Yug;[Clique 103]
UCLF085agJaeT0X7n_c2AL5g;[Clique 366]
UCOtfTYVt8K180RsamI1CBWw;[Clique 118, Clique 137, Clique 185]
UCecqi5te4Y0WmV2knk8dDRA;[Clique 496]
UCclE4tN9YZjL7yHwCJo-PAQ;[Clique 643]
UCmDx2NAmSsBXcYFyJ1rzu_g;[Clique 497]
UCq7zG5p5y7DJ0xGAIeGhlKg;[Clique 41]
UCORQ8VJxa145yruKk_AXRdQ;[Clique 498]
UCm1Y3gpuqsyVGmKSIK8RDGw;[Clique 499]
UCz5BP9WsYXt-vyJTaUlHH9g;[Clique 664]
UC-5nXmoqN5ChJeu0K0K0qqQ;[Clique 665]
UC1AXCpaLbFkXhjZNP_X3V5A;[Clique 500]
UC2OlQRkGHgf2ls6MNEb0QPg;[Clique 141]
UCQcXvLP5OMyipoHcuRfGKGg;[Clique 501]
UCDYawekM1jfzautkDvj4wdQ;[Clique 666]
UCJi-JgFCCs9uMzpyZ7nvKKQ;[Clique 502]
UC3x8RA_UbGhYMqURJfto-ZQ;[Clique 667]
UC33oU1Md8J53cZlAo6Pc6Rg;[Clique 503]
UC3RTkB-ChWOBHzMxhTwEhbw;[Clique 668]
UCeNwaxV7PdLxbkS4bVnBR3A;[Clique 504]
UCVObJPnAawJJUnSFZ0CSQDw;[Clique 669]
UCepL3ICx2ezqe4JnUliGQaQ;[Clique 505]
UCe12YRrdVoj-U7dts2BPC8w;[Clique 303]
UCmp_J-mgft6d8xiH4e842sw;[Clique 506]
UCR5OM4QlnrjHGd012T9HnzQ;[Clique 288]
UCtRNY-u5Bnd3ZGL_fTeimew;[Clique 507]
UCz_lGGIdcYZnK5axnPmaSmQ;[Clique 42]
UCvHTzNalCeO-ZNtDzoTYq7g;[Clique 508]
UCDWxzw1eWLjpEE15yULH-tg;[Clique 509]
UCJYK05oC0d2vU-ilySs_u7Q;[Clique 670]
UCP-MmpOU3ItpuR_zQ89aXPQ;[Clique 576]
UC9i79hKFA1_yvpROayVNh-Q;[Clique 239, Clique 510]
UCtpRjam0Sd9zCVlAVaBmvhQ;[Clique 671]
UCDGCwffBPgOl30mfVUusBTg;[Clique 511]
UCqMQJj8XAjfYekgVMsj67GQ;[Clique 672]
UCjjfHLrPoMcXzPHP4Oihduw;[Clique 305]
UCt2STLaAweMdxYTd5CcWSUQ;[Clique 512, Clique 98]
UC9nOPz9amMhJ28wOTIQPU9Q;[Clique 673]
UCAseJFAznTXjCGycmAbqP_w;[Clique 306]
UC8dZQNEXeoMCx4lnuu3YsRA;[Clique 513]
UCjG6-JUngsE3K3tYvFHwxjQ;[Clique 674]
UC-smnKhvSOITKQlAD_Dxaiw;[Clique 307]
UCJYzIIUk76WHs2JkGQ9kyCA;[Clique 514]
UCHm2tXJbKbp_uJrJiDGOVFw;[Clique 675]
UCb2y0r-8yRh8yKx_ftvGnXA;[Clique 308]
UCyCFY3yTO1srv82ieFAo_3Q;[Clique 515]
UCo1gUze8GrmQohX5lzyL-Hg;[Clique 676]
UC5Lr9BiYawD0VxmxMX0d7hQ;[Clique 309, Clique 85, Clique 87]
UCOGCGGytW7Weffug4_cFfVg;[Clique 24, Clique 516]
UCQY-PQsaaKYbYVUyGMW9ZbQ;[Clique 677]
UCZv3ko275LO1KoV5STpelCg;[Clique 310]
UCtAFMC2uMga3l0FEB9EaEig;[Clique 129, Clique 449]
UCdyZhrrf2eA1R0LMiJc9wew;[Clique 678]
UCVx7Bkqscpuvf5_PkjVGCzg;[Clique 311]
UCXXxBwE1IP_DCpnyx3xDggA;[Clique 517]
UCcK43XkXsvLuV6_5n4FyWWQ;[Clique 312]
UCVZatrNIyOWRsHh_-oM-vjw;[Clique 25]
UCNTzqSt4JqbnUkgGVm3L7KQ;[Clique 313]
UC2tmoEG53fzuw_K-dDvqyEQ;[Clique 314]
UCeghxuOzA-ObVpr_H6QsAdw;[Clique 679]
UCXm07J7aV7qttVp8VAn1Fyw;[Clique 138]
UCrgMxXCt4NwLKKRC_0O9IYQ;[Clique 518]
UC0oTL2CA8E7uRolmr4vU_CQ;[Clique 680]
UCPTrIbEwFls7hPVAkiErHFg;[Clique 519]
UCpN7gHlnyuoFKQAIe6zXHsQ;[Clique 681]
UC7t94_cxhYliqpVyNsipF1w;[Clique 315]
UCi3krE6qLf40o5WPeJey3qg;[Clique 520]
UCobwxOQWuzyxjx6eM5NP_Cg;[Clique 267]
UCVO8V142Gxz9GtzlQoN_Qzw;[Clique 316]
UCDHP_4XzhFNu3OrvkQVg5FQ;[Clique 521, Clique 99]
UCvZpiffjEWpJiJNGpP-9Mdw;[Clique 682]
UCauXA5v6ZS_mSA1IX3y1NPw;[Clique 317]
UCk-Y8L8qAS8IohGeDriX2lw;[Clique 74]
UCm67NaaA85m_WhzEG1zOIXQ;[Clique 683]
UCbxWMU_2M6IYAV0_1jRSgUw;[Clique 119, Clique 298, Clique 318]
UCC2Kc6nq6aNmmIQB1kG7egw;[Clique 522]
UCAIz5tQCoABK2w-089DKsMw;[Clique 684]
UC-xVg3redGRb__d0WJB6xVw;[Clique 319]
UCTqq3yqKUDb1UujmNv_wCIA;[Clique 523]
UC354lBqh7MKQLQje7KJujfA;[Clique 685]
UCYEHVA0FWF2mP5kMWP8YYGA;[Clique 320]
UCPGOiGDRD8TVU3j-uCTw48Q;[Clique 524]
UCz8hGzT7tlRZ1Q1UM0ivmVg;[Clique 686]
UCwZD_Cden2g4-kup43M3a7Q;[Clique 321]
UCXhAI4K2_km3euDPeagOSMw;[Clique 525]
UCnvVP2q3bEHjnH6Y91kg3dw;[Clique 322]
UCvUeAbpEmAeJkKKcqoKAtEw;[Clique 526]
UCubEXejGSF4FKsdcTIlr8CA;[Clique 88]
UCPw268Zalc8Szf7jK_19QVw;[Clique 323]
UCckEcZx3c05eujCTbSDP2Ow;[Clique 119, Clique 120, Clique 148, Clique 149, Clique 150, Clique 151, Clique 152, Clique 153, Clique 154, Clique 155, Clique 156, Clique 69, Clique 77]
UCeXaFztFRN8WzEwO3RQ9miA;[Clique 157, Clique 158, Clique 159, Clique 160]
UCEGpgWVCMlmHnM6wVWuhmDQ;[Clique 161, Clique 162, Clique 66]
UCX1hQJdQcIDMfd8SDzPdY-Q;[Clique 163]
UC0oLxL8yFsI6KyXdDgnJi4g;[Clique 164, Clique 165, Clique 166, Clique 167, Clique 168, Clique 169, Clique 170, Clique 171, Clique 172, Clique 173, Clique 174, Clique 175, Clique 176, Clique 177, Clique 178, Clique 179, Clique 180, Clique 181, Clique 182, Clique 183, Clique 184, Clique 185, Clique 186, Clique 187, Clique 188, Clique 189, Clique 190, Clique 191, Clique 192, Clique 193, Clique 194, Clique 195, Clique 196, Clique 197, Clique 198, Clique 199, Clique 200, Clique 201, Clique 202, Clique 203]
UCARTBhxNV52U0fpZTjWwJyg;[Clique 204]
UCdNkQr1ZOtsAoPWd22uKH2g;[Clique 205]
UCq_Ng3ajHx9L3Tjk25jc2tQ;[Clique 164, Clique 206]
UCms1oHUowcfjETMzX6aElSw;[Clique 207]
UCv3xl_lEpwUbNcqZKC9ZNxA;[Clique 208, Clique 209, Clique 210]
UCFm9NMoIaORA52YD4ZuA22w;[Clique 527]
UCeAmk3-kxMmZs7dCf-SD2Tw;[Clique 528]
UCmkcUFDLSu5BPzn558sncag;[Clique 324]
UC0_rI0mUFH_WQ77RccLdV_Q;[Clique 529]
UCT1pKJuO9d29eAwEbiJZg5g;[Clique 325]
UCkREVYL_UXmJ4O8M9yDgx1Q;[Clique 530]
UCYtsPRDOlwf-ysZG_D5icWg;[Clique 326]
UCSnb0-KUB9FLKpHHQr1YfOA;[Clique 79]
UChY-4KBw_R9fgbAbP2tj_Iw;[Clique 327]
UCm6c7kxToltmHeaXusMYl_Q;[Clique 130]
UC7gTzjVl36AUNNs27CONQEg;[Clique 328]
UCdlKKsK3gnJhvWUQpoj0Kig;[Clique 131, Clique 174, Clique 209]
UCJA-v6dRHp91vXydV53Y4rQ;[Clique 208, Clique 293, Clique 329, Clique 330, Clique 331, Clique 332]
UCEEPSko8O4GNINB7aTAt33w;[Clique 175]
UC6_WaM5hKXb29b8PIJFTfDg;[Clique 333]
UCuCwHZcOrJQERNvAcPUlfPA;[Clique 531]
UCqoGXZrlBT2_S7IBP-sgk5Q;[Clique 334]
UCxHNjeJpmMpQiCqoChXHpLQ;[Clique 532]
UCJxCEMoMOQJCSfjU9R3mDOg;[Clique 16, Clique 335]
UC_BDfegVwM9L2MgHTmGcItg;[Clique 336]
UC3yiYBCO05pfuHexTJdAD2w;[Clique 206]
UCxMKxobweDsUIida_pqIVxQ;[Clique 211, Clique 76]
UCcKeohP6TX_DhXPSiHHIMPg;[Clique 212, Clique 213, Clique 214, Clique 78]
UCFltJS-d98u-xmPtNnulPkg;[Clique 215]
UC_jq_-5lQY_M8dma1zHgjlw;[Clique 216, Clique 217]
UCv-6vBxf7Er4zIIlQ5HhNoA;[Clique 218]
UCM7EreHuRCg5-0CM5nJo9UQ;[Clique 7]
UCDlgKbOb0JHPLHFOWxkiV_Q;[Clique 219]
UCyKuQPWDdnmbGNyBh8O_WuQ;[Clique 220]
UCxnC_odVzHDVWZzU2U5JJtg;[Clique 79]
UCATQpQNqmThIXjd5vDIrh5Q;[Clique 533]
UCX9tiS-3bGQohCOBWxejuMA;[Clique 510]
UCLA-Nct38QvDgew2lRg74wQ;[Clique 337]
UCBw6RoZWcp7l0clkwPjqRVg;[Clique 176, Clique 68]
UC7YGMnGXLiYI_LH1ByRvfJw;[Clique 338]
UCjrKrE7TUQFrRHBioV3MzKQ;[Clique 534]
UCI3br9p0da5tqGwRXOf8TDg;[Clique 339]
UC0H2QJYfK1Y7VDEzqnlOdZA;[Clique 535]
UCE3pltyEEW18FkW1OhV47Kw;[Clique 148]
UCJPYJ7cL_CFG9jlGyz3Mhew;[Clique 536]
UCsc3gzY10r4RhwVX3HvJEwQ;[Clique 340]
UC4GROSOkt91inxez1RaWZtQ;[Clique 537]
UC1cbNb8JyebUV_vnVl9q5UA;[Clique 113]
UCnEgNvKYnJkMPzGGOH8j-YQ;[Clique 538]
UCy4LidsFM3OQu_HEG9rVAOA;[Clique 249]
UC9JvRLpPMMNvS5q-TqwNCjA;[Clique 342]
UCzgD8YJmKPcy1aDcJXYLTmw;[Clique 341]
UCNAEMm-krzSOoiQY6MyJ2Og;[Clique 539]
UCahjWs9Mw13tJzqxyOZZbug;[Clique 145, Clique 274, Clique 342]
UCxPJUz0ew5L3J_tZjt6t93Q;[Clique 343]
UCisHMpa8FFIPLhcN0RKtJHw;[Clique 157]
UCCaTC00H99I63oqjVVMJW1A;[Clique 111, Clique 121]
UCi2FySDvEkkZe_OL6KChJIQ;[Clique 221, Clique 222, Clique 223, Clique 80]
UC7D11K4iFCu9XADbQ_yiuQg;[Clique 224]
UCfjeE5vvuFaXr-ybKrNEyEg;[Clique 4]
UCAPb2DSiTsp7qcRmRBplUcw;[Clique 225]
UCkH2yKVRJsjIq6lYDz98d6g;[Clique 226]
UC1Hz5Q_av47jlY8oIW89Qzg;[Clique 227, Clique 228, Clique 229, Clique 230, Clique 81]
UC_tD6u-NvprDUz7-Ut8sN0g;[Clique 231]
UCct-ePuwXPX7Bf6tvuo9anA;[Clique 232]
UCckvffxza4lwdniVZMqi6ig;[Clique 540]
UCu82HC-dyRzzHRFdiKizm8A;[Clique 541]
UCg7VbXKOVKu3AeksUbwAguw;[Clique 149, Clique 344]
UC_eCgmbGru73WBuOEjS1tjQ;[Clique 222]
UCpUHWzIkJDlc67_6bm8XoEA;[Clique 345]
UCy0LdIQU_KEsh1PSd0yKnvA;[Clique 26]
UC54NQtY6mIq6s5YhtO8JZEQ;[Clique 346]
UClcjjEkkF5U4hg_VIb1LuGA;[Clique 542]
UC77NyGW5egCIYWey4JsC-fg;[Clique 270, Clique 347, Clique 63]
UCEIttEvTLyG9Nnqaqv_rwkA;[Clique 543]
UCihi6jdUAFA6zcx1_FhaFXg;[Clique 348]
UCdSAyI2Sgapl0IVfp_5m9_g;[Clique 147, Clique 223]
UCz-dmHLGW_Yk66kYIW5PrOg;[Clique 166, Clique 294, Clique 349]
UCAaafXi83NxYRR3_W2Q91Zg;[Clique 544]
UCIRzGtTJeWKRwlsgLZ_JrBw;[Clique 13]
UCj5YXNk2IIbxHGKmlhInZ9A;[Clique 370]
UCCYwg3355caip4tCOPinuqw;[Clique 350]
UCfoWiSTpvlZnNYo3rIpsU5A;[Clique 545]
UCFyUpk3voa3iqpKL53btdIw;[Clique 351]
UCeFFapIKoEpOaTnE8fkBnZg;[Clique 352]
UCIsBE5gcpNtciCQzI8tY6UA;[Clique 112, Clique 122, Clique 144, Clique 233, Clique 234]
UCiDHOwb2cQSegaqrup-18Dw;[Clique 235, Clique 236, Clique 237, Clique 70]
UCyMjU5sOPvnW2iJwzNBhxLg;[Clique 238]
UCQNN0RW53ynzqQbVI4T8a3w;[Clique 239, Clique 82]
UCoVaWj9G-KkyL6ocycWYkcg;[Clique 240]
UCxfZ0e53VJg9q72dmybKKhw;[Clique 241]
UCPRUJsvhHNAKKKLl38vpelw;[Clique 242]
UC60pEHC7ekOPPF377SoT8ZA;[Clique 243]
UCRydGs-k297kvorpe3F8ZpA;[Clique 244, Clique 245]
UCRlhJL0-HyGzvCnpEpgg3iQ;[Clique 246]
UC6Vw6dK1QGsyF-hs7m4uBFQ;[Clique 546]
UCq1whlNnqoblec7rndh5lpw;[Clique 177, Clique 6]
UCEKma3GLUXrdN-efy45ckug;[Clique 17, Clique 353, Clique 77, Clique 89]
UCS_qmRA_KPUd9MLiwY9v-LQ;[Clique 160]
UC_Q7dNat_AUaVNOGDXr-LIg;[Clique 354]
UCIhiBvAKE4X6eyE_Nmyw9bQ;[Clique 547]
UCJ6zv3Rz2vG4YLQ3A1sjtpA;[Clique 355]
UCf0mFltFN8oZjetEYAX_Klw;[Clique 548]
UCGDufE-_mi-oluzFA_LHdkw;[Clique 18]
UCq3U8o_RjiN-4i_KQTeF4cw;[Clique 549]
UCSpxGLPfIZGesMMuiA7pwPQ;[Clique 125, Clique 2, Clique 299]
UCRCUV2pBEUcxsNX_0I0jsDA;[Clique 75]
UCZeKFHGJTOX6cIVTC3nwlUg;[Clique 167, Clique 19]
UCwkaxauAagHnbQliXXcBaJg;[Clique 550]
UCn3AjP-F4rsXc6IOaGjbolw;[Clique 356]
UC9luoW9U7kb_1dd1dtiM52Q;[Clique 551]
UCd7RiBzfV4NNzSoWTKKLV5A;[Clique 357]
UCQ9Z-qoFC2iC1AxMDD7w0Mg;[Clique 27]
UCEWMACoaIzAY1JFs6l-YMaA;[Clique 358]
UCjft-tsUf1xlVCWZ9FSY7mA;[Clique 120]
UCU1iEz6gIycWW6myYGWRpYA;[Clique 247]
UCKxWk6fwsokN5cW2aRpw8mg;[Clique 248, Clique 5, Clique 8, Clique 83]
UCARXIX65JvaKMDITBKOhKaA;[Clique 249]
UCQRIRYg0PxyaDeVdOzh24HA;[Clique 250]
UCiAQq6PKMlEAGfNQicmtFmw;[Clique 251]
UCxa7sFaGmFooZn1RobqLXtA;[Clique 235, Clique 252, Clique 253]
UCESjMpZPQW2VU2GbKLlHiGQ;[Clique 254]
UCQCtKMdWQ0Ss1nhIld1chAQ;[Clique 255]
UCp8yVtPcNwDjBxCKgmUgoFg;[Clique 256]
UCPImoujUv6Qm50uOlRBLK8Q;[Clique 257]
UCIsv5TWOeZW3gKQjo0QbcAw;[Clique 359]
UCzn9oa0Qj8cgsBdGRKiLxag;[Clique 360]
UCOmOba5piKet-JypqIZX7Eg;[Clique 361]
UC2qExVtGEB2fLOE6BaNM-eg;[Clique 362]
UCIPDemUKNI1cy6y4rtfbGKw;[Clique 363]
UCkf_JCVAlfyqtOTqCZS4oCQ;[Clique 364]
UCJynVabPtfJvwUbfk0X0Xkg;[Clique 365]
UClusQkfR9iTqCbgHSODECbA;[Clique 295, Clique 300, Clique 366, Clique 367]
UCX3T0hIIK0-1lhA7erDUMoQ;[Clique 301]
UCn2nY2PrZ83aRvX4cYDMrYQ;[Clique 114, Clique 168, Clique 368, Clique 369, Clique 72]
UCpXe9o9KEZiUo6unUOhAfIA;[Clique 258]
UCl3_EE-0xyRoP4ZhhxoXpTw;[Clique 158]
UCmuBPXCI5lzb1zGL8kI3b9g;[Clique 259]
UCtCkb3ueQRVlEAsbq0hKFiw;[Clique 260]
UCxR-0GjVqWzk4tZw4EzSa8w;[Clique 232]
UCi4fPjDi3BsMjY_pncR9y7g;[Clique 261]
UCS39DQzeYgPG06y_m77rkpQ;[Clique 262]
UCYPP3bSR4bIFJIGQiNE2u9w;[Clique 263]
UCkJwIMG6bIyVpn9mVW1dttQ;[Clique 123]
UCFWicQfwr5-4619danUZBPw;[Clique 264]
UCqT3aDD05QOY9J68z8ny3hw;[Clique 370]
UCysg8UijWFP7W2rq_sUYmag;[Clique 371]
UCwN6X8RZiQMCCyrMbgvBYzQ;[Clique 372]
UCUP3DT9fH9hVgKFZxbtdwBA;[Clique 373]
UCjsoz38Ln2nSb4fkF6cwoEg;[Clique 164, Clique 216, Clique 90]
UCPFC4wf8iz0j1-YNIVuuTfg;[Clique 374]
UCdBogKRG0MaK3O9FRD2jQ5w;[Clique 375]
UC2kRhEwxymkekvfuUycHzvA;[Clique 376]
UC-zZlfh8ZcnSC4sPgdvvoGA;[Clique 377]
UC0STfLDZ5hjfbXjAqjYacSw;[Clique 378]
UCclI3oXWretxWuH1NcCnhFQ;[Clique 265]
UCXdlHULWXyl3uNbhuN3ESdg;[Clique 266]
UCHCGLV-s6m6s2KpnHCL4--g;[Clique 267]
UCX4zxm2Eh-liQRHKh88-BDQ;[Clique 268]
UCxQFix_w8eNvci7UuTesqYQ;[Clique 269]
UCAYkTCOgT_10ITC-OvBlw4w;[Clique 270, Clique 271, Clique 84]
UC8VfuU6Gsf4CJZ6xH56IO5A;[Clique 272]
UCmZSQ9LSi0UW4QQolvmmLpg;[Clique 10, Clique 227, Clique 273, Clique 274, Clique 275, Clique 276, Clique 277, Clique 278, Clique 279, Clique 8, Clique 9]
UCZsm2c9AEFL35fyBnyOJtZw;[Clique 280]
UCmgr-vNzkIOPzJLtZKp2yXA;[Clique 281]
UCwOb7IKYA2vOghFvYT6Davg;[Clique 379]
UCEKDuOeiPq3ZxU-WHkPLAPQ;[Clique 126, Clique 380]
UCoFA-DVMmsu0j2bRwdznYxw;[Clique 381]
UCuWvGCEFl1CnHam-jWn3tbA;[Clique 382]
UCEaObTBSwcp52WNVjoKvPtw;[Clique 383]
UCkWebZUH6MbZOHIzXR921JQ;[Clique 294, Clique 384, Clique 62]
UCq8z4wz_-Rt1JXNjQ-c0dXg;[Clique 385]
UC_st-iu7zGB7EiP9-MdQBkQ;[Clique 329, Clique 91]
UC8pM0ObN7HNJOoDhO4XLUmQ;[Clique 386]
UC0NWsglw0IIPvPROUUq-rPA;[Clique 387]
UCVi0QV_LhN5JUN2l1ws_O-g;[Clique 221, Clique 233]
UCkmwGsChmvVe0Xxf6zyeogw;[Clique 282]
UCITbXD4kvGrnSEy2g5gNYNg;[Clique 283]
UCzstoqg6jamKqKSPUhGbkJA;[Clique 284]
UCQJIyQP22vnaQxQoabTquSQ;[Clique 11]
UC--k7BNtgCrDZG4CLq2wxqw;[Clique 285]
UCXEgeQMQAsC5wNGnsDxOIcA;[Clique 159]
UCKSvGN6r3UQnYFGd8Ej2ZTQ;[Clique 12]
UC5VL3ZNyRS53rdb-ffOZ0RQ;[Clique 286]
UCqEx2cHcmtxiModo5DZMDvg;[Clique 228, Clique 287, Clique 288, Clique 289]
UC7dHvL_ziCB-v53374uJKhA;[Clique 388]
UC5dOR660Aho56cr40h2qQ7w;[Clique 389]
UCiGlwZvsBGq6-mvDN_3x9vQ;[Clique 390]
UC40qbNafxAxulrVXJbC5kfA;[Clique 146]
UCDTCWoRFTt8BKAyUA5kQahw;[Clique 391]
UC0RaEXjDT3vweISjNJuXMJA;[Clique 392]
UCkOHH93hyilc4ypqTa5pGOw;[Clique 393]
UC2j0ftsT-xYqujuaxaV9GyQ;[Clique 127]
UCQ5sReJ14HMZVrW2ly7fDsQ;[Clique 394]
UCL2R6NlxhhT-T5C1Qg-zqpw;[Clique 395]
UCsYx9TiINSfFQvEcb2GrAJg;[Clique 290]
UCXT2FC3BWeTONumkTLE2RAQ;[Clique 13, Clique 165, Clique 291]
UCITyLAq2nJRhuzESLFkbyRw;[Clique 292]
UCN9nctbzbrjCr40HtXZC9Nw;[Clique 14]
UCUE1JFzfY6RDK5OsxdY9jhQ;[Clique 124, Clique 273, Clique 293, Clique 294, Clique 295, Clique 296, Clique 297, Clique 71, Clique 80, Clique 85]
UCqmwOCGpUVanwVBDpNVGy8w;[Clique 86]
UC75EIOjGtnudwumJo-T86hg;[Clique 15]
UCPTu9Ihr3IWQobflw8xysmg;[Clique 212, Clique 298, Clique 299, Clique 300, Clique 301, Clique 302]
UCSz12qh-M84J-C0_U6-oWIA;[Clique 303]
UC8TAEANr2rli_UCO_8v4SyA;[Clique 304]
